lat,lon,name,type
-37.80384165792465,144.93239283833262,Sign - Public Transport 1 Panel Bus Stop Type 13,Bus
-37.81548699581418,144.9581794249902,Sign - Public Transport 1 Panel Bus Stop Type 8,Bus
-37.81353897396532,144.95728334230756,Sign - Public Transport 1 Panel Bus Stop Type 8,Bus
-37.82191394843844,144.95539345270072,Sign - Public Transport 1 Panel Bus Stop Type 8,Bus
-37.83316401267591,144.97443745130263,Sign - Public Transport 1 Panel Bus Stop Type 8,Bus
-37.79436108568101,144.92998424529242,Sign - Public Transport 1 Panel Bus Stop Type 1,Bus
-37.817452093555325,144.96168480565794,Sign - Public Transport 1 Panel Bus Stop Type 3,Bus
-37.82146476463953,144.9303191551562,Sign - Public Transport 1 Panel Bus Stop Type 3,Bus
-37.83754708714471,144.98191138368836,Sign - Public Transport 1 Panel Bus Stop Type 8,Bus
-37.812490976626215,144.95370614040704,Sign - Public Transport 1 Panel Bus Stop Type 8,Bus
-37.80568178285169,144.9538874178126,Sign - Public Transport 1 Panel Bus Stop Type 8,Bus
-37.81046893573314,144.95002330947514,Sign - Public Transport 1 Panel Bus Stop Type 11,Bus
-37.8019227781844,144.91933001451295,Sign - Public Transport 1 Panel Bus Stop Type 13,Bus
-37.79643544425749,144.95105741007433,Sign - Public Transport 1 Panel Bus Stop Type 8,Bus
-37.81284286140822,144.95705739709712,Sign - Public Transport 1 Panel Bus Stop Type 1,Bus
-37.82622493578387,144.96073232156283,Sign - Public Transport 1 Panel Bus Stop Type 8,Bus
-37.80147783382775,144.91338439418467,Sign - Public Transport 1 Panel Bus Stop Type 11,Bus
-37.81925793836065,144.96137134270353,Sign - Public Transport 1 Panel Bus Stop Type 13,Bus
-37.823393054989104,144.9697464050253,Sign - Public Transport 1 Panel Bus Stop Type 8,Bus
-37.79632349721997,144.94669442099848,Sign - Public Transport 1 Panel Bus Stop Type 8,Bus
-37.82168352630472,144.96129766991564,Sign - Public Transport 1 Panel Bus Stop Type 3,Bus
-37.80868206462129,144.94871799084606,Sign - Public Transport 1 Panel Bus Stop Type 13,Bus
-37.80936279878404,144.95558831833387,Sign - Public Transport 1 Panel Bus Stop Type 3,Bus
-37.79382711275603,144.9712669861909,Sign - Public Transport 1 Panel Bus Stop Type 3,Bus
-37.80047456029286,144.91681504215674,Sign - Public Transport 1 Panel Bus Stop Type 1,Bus
-37.80357727969363,144.93206072785097,Sign - Public Transport 1 Panel Bus Stop Type 1,Bus
-37.81916651372429,144.96197776773317,Sign - Public Transport 1 Panel Bus Stop Type 12,Bus
-37.80256698905951,144.96650544429707,Sign - Public Transport 1 Panel Bus Stop Type 3,Bus
-37.82590463494035,144.9222805585589,Sign - Public Transport 1 Panel Bus Stop Type 3,Bus
-37.828445979568414,144.96574937670476,Sign - Public Transport 1 Panel Bus Stop Type 8,Bus
-37.82480198399865,144.97076232908503,Sign - Public Transport 1 Panel Bus Stop Type 8,Bus
-37.79308580209764,144.97495851135966,Sign - Public Transport 1 Panel Bus Stop Type 11,Bus
-37.81313468607944,144.9517210522907,Sign - Public Transport 1 Panel Bus Stop Type 8,Bus
-37.79779448884971,144.94406544679455,Sign - Public Transport 1 Panel Bus Stop Type 12,Bus
-37.80139083296643,144.95672641628454,Sign - Public Transport 1 Panel Bus Stop Type 8,Bus
-37.836019039493614,144.9755123427878,Sign - Public Transport 1 Panel Bus Stop Type 8,Bus
-37.77939815716074,144.9601599346738,Sign - Public Transport 1 Panel Bus Stop Type 8,Bus
-37.83654500710552,144.98680793880067,Sign - Public Transport 1 Panel Bus Stop Type 3,Bus
-37.81496421167442,144.9523146850266,Sign - Public Transport 1 Panel Bus Stop Type 8,Bus
-37.78766752944717,144.95913336071771,Sign - Public Transport 1 Panel Bus Stop Type 8,Bus
-37.83597702837875,144.98205678049507,Sign - Public Transport 1 Panel Bus Stop Type 8,Bus
-37.81888176511253,144.95412220092587,Sign - Public Transport 1 Panel Bus Stop Type 8,Bus
-37.815867567322975,144.95824209522883,Sign - Public Transport 1 Panel Bus Stop Type 8,Bus
-37.823554040273095,144.96766430983428,Sign - Public Transport 1 Panel Bus Stop Type 8,Bus
-37.85056307604563,144.98401830869636,Sign - Public Transport 1 Panel Bus Stop Type 8,Bus
-37.79443959174042,144.9295031556217,Sign - Public Transport 1 Panel Bus Stop Type 1,Bus
-37.845617997463314,144.98485133091194,Sign - Public Transport 1 Panel Bus Stop Type 8,Bus
-37.82267609025617,144.9360672354294,Sign - Public Transport 1 Panel Bus Stop Type 3,Bus
-37.78840737180099,144.94100543358434,Sign - Public Transport 1 Panel Bus Stop Type 8,Bus
-37.82158676896336,144.9299851550984,Sign - Public Transport 1 Panel Bus Stop Type 3,Bus
-37.81807935853138,144.96572070652604,Sign - Public Transport 1 Panel Bus Stop Type 1,Bus
-37.797718982545234,144.97371355429843,Sign - Public Transport 1 Panel Bus Stop Type 3,Bus
-37.817826903011145,144.95914143862726,Sign - Public Transport 1 Panel Bus Stop Type 8,Bus
-37.81441952750176,144.9544447576371,Sign - Public Transport 1 Panel Bus Stop Type 8,Bus
-37.81101801255496,144.95912232576214,Sign - Public Transport 1 Panel Bus Stop Type 8,Bus
-37.82824301520561,144.97131044727,Sign - Public Transport 1 Panel Bus Stop Type 8,Bus
-37.79958533655315,144.9576673729389,Sign - Public Transport 1 Panel Bus Stop Type 8,Bus
-37.81313468607944,144.9517210522907,Sign - Public Transport 1 Panel Bus Stop Type 8,Bus
-37.82692534062149,144.90290267710523,Sign - Public Transport 1 Panel Bus Stop Type 3,Bus
-37.7977676423213,144.9741533290422,Sign - Public Transport 1 Panel Bus Stop Type 3,Bus
-37.8026621513541,144.96975397673893,Sign - Public Transport 1 Panel Bus Stop Type 3,Bus
-37.79922267625847,144.95073019282864,Sign - Public Transport 1 Panel Bus Stop Type 1,Bus
-37.789581766621325,144.9688057046247,Sign - Public Transport 1 Panel Bus Stop Type 8,Bus
-37.83180250187986,144.9717147014062,Sign - Public Transport 1 Panel Bus Stop Type 13,Bus
-37.82311374998954,144.9370368413254,Sign - Public Transport 1 Panel Bus Stop Type 3,Bus
-37.82357696553344,144.97021045708078,Sign - Public Transport 1 Panel Bus Stop Type 8,Bus
-37.79828271711812,144.9206180551749,Sign - Public Transport 1 Panel Bus Stop Type 12,Bus
-37.80581892901135,144.95574943791024,Sign - Public Transport 1 Panel Bus Stop Type 8,Bus
-37.79524247480688,144.94679942011058,Sign - Public Transport 1 Panel Bus Stop Type 8,Bus
-37.77697303920087,144.94970928774234,Sign - Public Transport 1 Panel Bus Stop Type 8,Bus
-37.79836645634628,144.94459154393613,Sign - Public Transport 1 Panel Bus Stop Type 12,Bus
-37.83884804951157,144.97654745650496,Sign - Public Transport 1 Panel Bus Stop Type 8,Bus
-37.79575422957359,144.95827417192294,Sign - Public Transport 1 Panel Bus Stop Type 1,Bus
-37.812490976626215,144.95370614040704,Sign - Public Transport 1 Panel Bus Stop Type 8,Bus
-37.81389991110184,144.95734143620206,Sign - Public Transport 1 Panel Bus Stop Type 8,Bus
-37.81689800649741,144.9618384108209,Sign - Public Transport 1 Panel Bus Stop Type 8,Bus
-37.80067652245432,144.94582553723103,Sign - Public Transport 1 Panel Bus Stop Type 8,Bus
-37.809284824359445,144.9519620478619,Sign - Public Transport 1 Panel Bus Stop Type 11,Bus
-37.81157690963881,144.9563833753157,Sign - Public Transport 1 Panel Bus Stop Type 8,Bus
-37.79520927466022,144.92595354542772,Sign - Public Transport 1 Panel Bus Stop Type 12,Bus
-37.8015270489316,144.9567967131992,Sign - Public Transport 1 Panel Bus Stop Type 8,Bus
-37.79731310405415,144.967955914192,Sign - Public Transport 1 Panel Bus Stop Type 3,Bus
-37.80365281271108,144.9564163595527,Sign - Public Transport 1 Panel Bus Stop Type 8,Bus
-37.84529099706835,144.9822703144505,Sign - Public Transport 1 Panel Bus Stop Type 8,Bus
-37.8010481279157,144.9534576515341,Sign - Public Transport 1 Panel Bus Stop Type 1,Bus
-37.82183999762308,144.91339835942287,Sign - Public Transport 1 Panel Bus Stop Type 3,Bus
-37.79790612032,144.9705713015547,Sign - Public Transport 1 Panel Bus Stop Type 3,Bus
-37.79820340709036,144.92045435450206,Sign - Public Transport 1 Panel Bus Stop Type 12,Bus
-37.78776077785552,144.9253892133351,Sign - Public Transport 1 Panel Bus Stop Type 8,Bus
-37.82565495609574,144.96017643000502,Sign - Public Transport 1 Panel Bus Stop Type 8,Bus
-37.80461087215964,144.9691537208721,Sign - Public Transport 1 Panel Bus Stop Type 3,Bus
-37.82359653225718,144.96952122205516,Sign - Public Transport 1 Panel Bus Stop Type 11,Bus
-37.80325110356248,144.92985291146388,Sign - Public Transport 1 Panel Bus Stop Type 1,Bus
-37.79624528473142,144.9241544090541,Sign - Public Transport 1 Panel Bus Stop Type 12,Bus
-37.79987669561117,144.9500539642789,Sign - Public Transport 1 Panel Bus Stop Type 1,Bus
-37.82204345713495,144.9612717467519,Sign - Public Transport 1 Panel Bus Stop Type 8,Bus
-37.84636998833038,144.98481744885754,Sign - Public Transport 1 Panel Bus Stop Type 3,Bus
-37.810346877102674,144.96112338314165,Sign - Public Transport 1 Panel Bus Stop Type 8,Bus
-37.79755334862349,144.97488727650415,Sign - Public Transport 1 Panel Bus Stop Type 8,Bus
-37.81842481335676,144.96889648633675,Sign - Public Transport 1 Panel Bus Stop Type 12,Bus
-37.81767597164006,144.95888238475013,Sign - Public Transport 1 Panel Bus Stop Type 8,Bus
-37.78188915501449,144.95963193312105,Sign - Public Transport 1 Panel Bus Stop Type 8,Bus
-37.793726533289785,144.94716743007305,Sign - Public Transport 1 Panel Bus Stop Type 8,Bus
-37.80286165064241,144.92778487963457,Sign - Public Transport 1 Panel Bus Stop Type 13,Bus
-37.82561794105207,144.96024538933693,Sign - Public Transport 1 Panel Bus Stop Type 3,Bus
-37.82825403073943,144.97139535783998,Sign - Public Transport 1 Panel Bus Stop Type 8,Bus
-37.81810589679171,144.9619763819388,Sign - Public Transport 1 Panel Bus Stop Type 3,Bus
-37.847587034180215,144.9797183050512,Sign - Public Transport 1 Panel Bus Stop Type 8,Bus
-37.82375108048519,144.96722832469055,Sign - Public Transport 1 Panel Bus Stop Type 8,Bus
-37.78077459328419,144.95138857277198,Sign - Public Transport 1 Panel Bus Stop Type 8,Bus
-37.811942864580594,144.95642939829426,Sign - Public Transport 1 Panel Bus Stop Type 8,Bus
-37.82793320904311,144.90887617925307,Sign - Public Transport 1 Panel Bus Stop Type 3,Bus
-37.8308611221107,144.98773132067197,Sign - Public Transport 1 Panel Bus Stop Type 3,Bus
-37.80945090290274,144.95544640306295,Sign - Public Transport 1 Panel Bus Stop Type 8,Bus
-37.79564672738665,144.92489593979033,Sign - Public Transport 1 Panel Bus Stop Type 12,Bus
-37.82725097105045,144.95787041193037,Sign - Public Transport 1 Panel Bus Stop Type 8,Bus
-37.80539623932391,144.9520285962586,Sign - Public Transport 1 Panel Bus Stop Type 8,Bus
-37.79905748382394,144.93989360176752,Sign - Public Transport 1 Panel Bus Stop Type 5,Bus
-37.7904254305808,144.94352558479113,Sign - Public Transport 1 Panel Bus Stop Type 8,Bus
-37.79085700678597,144.92008961006658,Sign - Public Transport 1 Panel Bus Stop Type 3,Bus
-37.800456485496696,144.96510004696515,Sign - Public Transport 1 Panel Bus Stop Type 1,Bus
-37.790034182492505,144.95863808667602,Sign - Public Transport 1 Panel Bus Stop Type 8,Bus
-37.841136944254906,144.97738137656336,Sign - Public Transport 1 Panel Bus Stop Type 8,Bus
-37.84881806234022,144.9844193992286,Sign - Public Transport 1 Panel Bus Stop Type 3,Bus
-37.82961907563178,144.96406241965494,Sign - Public Transport 1 Panel Bus Stop Type 8,Bus
-37.802508730068354,144.92456498204757,Sign - Public Transport 1 Panel Bus Stop Type 13,Bus
-37.79262854511814,144.9682820983283,Sign - Public Transport 1 Panel Bus Stop Type 8,Bus
-37.80231431723276,144.96676746744464,Sign - Public Transport 1 Panel Bus Stop Type 11,Bus
-37.8006162471606,144.9665441831767,Sign - Public Transport 1 Panel Bus Stop Type 12,Bus
-37.82069471465366,144.92473362878667,Sign - Public Transport 1 Panel Bus Stop Type 3,Bus
-37.8003609261965,144.97442342241808,Sign - Public Transport 1 Panel Bus Stop Type 8,Bus
-37.79830746372871,144.94633943083986,Sign - Public Transport 1 Panel Bus Stop Type 8,Bus
-37.825833042409954,144.9666164228847,Sign - Public Transport 1 Panel Bus Stop Type 8,Bus
-37.804633940884784,144.9663703776215,Sign - Public Transport 1 Panel Bus Stop Type 3,Bus
-37.83299002899975,144.97293669624193,Sign - Public Transport 1 Panel Bus Stop Type 8,Bus
-37.80111524772101,144.96674878780823,Sign - Public Transport 1 Panel Bus Stop Type 3,Bus
-37.82403291338346,144.97056844604276,Sign - Public Transport 1 Panel Bus Stop Type 12,Bus
-37.79776685417041,144.97031833233382,Sign - Public Transport 1 Panel Bus Stop Type 3,Bus
-37.8047924247435,144.969120352164,Sign - Public Transport 1 Panel Bus Stop Type 3,Bus
-37.80752888103373,144.91363137005712,Sign - Public Transport 1 Panel Bus Stop Type 11,Bus
-37.810346877102674,144.96112338314165,Sign - Public Transport 1 Panel Bus Stop Type 8,Bus
-37.799621670449625,144.95568431062944,Sign - Public Transport 1 Panel Bus Stop Type 12,Bus
-37.80682386961907,144.96904254818034,Sign - Public Transport 1 Panel Bus Stop Type 3,Bus
-37.802167832666704,144.92008136652066,Sign - Public Transport 1 Panel Bus Stop Type 13,Bus
-37.81888176511253,144.95412220092587,Sign - Public Transport 1 Panel Bus Stop Type 8,Bus
-37.79706577834771,144.9224359882637,Sign - Public Transport 1 Panel Bus Stop Type 12,Bus
-37.81667022216065,144.96132496344865,Sign - Public Transport 1 Panel Bus Stop Type 3,Bus
-37.817622931042806,144.95934733314024,Sign - Public Transport 1 Panel Bus Stop Type 8,Bus
-37.79412896547033,144.96811766271057,Sign - Public Transport 1 Panel Bus Stop Type 8,Bus
-37.79862363935187,144.9467915427181,Sign - Public Transport 1 Panel Bus Stop Type 12,Bus
-37.80823830232059,144.94862350162495,Sign - Public Transport 1 Panel Bus Stop Type 11,Bus
-37.82087887649734,144.91896726226324,Sign - Public Transport 1 Panel Bus Stop Type 3,Bus
-37.79732684307128,144.97009551587823,Sign - Public Transport 1 Panel Bus Stop Type 3,Bus
-37.78267580200046,144.91666362113003,Sign - Public Transport 1 Panel Bus Stop Type 8,Bus
-37.79241029792183,144.95854327429197,Sign - Public Transport 1 Panel Bus Stop Type 8,Bus
-37.822473896289935,144.92102531585414,Sign - Public Transport 1 Panel Bus Stop Type 3,Bus
-37.82553817053317,144.95708428770402,Sign - Public Transport 1 Panel Bus Stop Type 8,Bus
-37.82111989773946,144.91851629868225,Sign - Public Transport 1 Panel Bus Stop Type 3,Bus
-37.81172390817975,144.95668033737152,Sign - Public Transport 1 Panel Bus Stop Type 8,Bus
-37.827796021172645,144.90881358787925,Sign - Public Transport 1 Panel Bus Stop Type 3,Bus
-37.795210432231336,144.9362942830282,Sign - Public Transport 1 Panel Bus Stop Type 12,Bus
-37.79586287067063,144.97092135820924,Sign - Public Transport 1 Panel Bus Stop Type 3,Bus
-37.82314198554255,144.96463636128402,Sign - Public Transport 1 Panel Bus Stop Type 11,Bus
-37.80067995380995,144.96981348058867,Sign - Public Transport 1 Panel Bus Stop Type 3,Bus
-37.78068129995275,144.95126818156393,Sign - Public Transport 1 Panel Bus Stop Type 8,Bus
-37.80432561240479,144.96947035841606,Sign - Public Transport 1 Panel Bus Stop Type 1,Bus
-37.78069264722452,144.91477250953216,Sign - Public Transport 1 Panel Bus Stop Type 8,Bus
-37.829554112192,144.9010255967418,Sign - Public Transport 1 Panel Bus Stop Type 3,Bus
-37.78853199618733,144.93353392781896,Sign - Public Transport 1 Panel Bus Stop Type 11,Bus
-37.81178098838014,144.9561942988128,Sign - Public Transport 1 Panel Bus Stop Type 8,Bus
-37.79733528507864,144.96751272850565,Sign - Public Transport 1 Panel Bus Stop Type 3,Bus
-37.79784952551261,144.94139186459046,Sign - Public Transport 1 Panel Bus Stop Type 1,Bus
-37.81877756815632,144.98186969479318,Sign - Public Transport 1 Panel Bus Stop Type 1,Bus
-37.80039992301755,144.91665597967068,Sign - Public Transport 1 Panel Bus Stop Type 12,Bus
-37.823547652422064,144.96847951664122,Sign - Public Transport 1 Panel Bus Stop Type 11,Bus
-37.798900728955765,144.94922621224848,Sign - Public Transport 1 Panel Bus Stop Type 1,Bus
-37.80294344100893,144.94833854164688,Sign - Public Transport 1 Panel Bus Stop Type 8,Bus
-37.8032564323768,144.9495344838827,Sign - Public Transport 1 Panel Bus Stop Type 8,Bus
-37.84112272045477,144.98584971613218,Sign - Public Transport 1 Panel Bus Stop Type 3,Bus
-37.838256978951584,144.9151365838097,Sign - Public Transport 1 Panel Bus Stop Type 3,Bus
-37.81946791403019,144.96111643458073,Sign - Public Transport 1 Panel Bus Stop Type 8,Bus
-37.807560935966926,144.91815632059857,Sign - Public Transport 1 Panel Bus Stop Type 11,Bus
-37.7941064598088,144.94708934299945,Sign - Public Transport 1 Panel Bus Stop Type 8,Bus
-37.8137522630152,144.96027134357547,Sign - Public Transport 1 Panel Bus Stop Type 3,Bus
-37.81696691132416,144.96133145497072,Sign - Public Transport 1 Panel Bus Stop Type 8,Bus
-37.795521349230825,144.9581692891698,Sign - Public Transport 1 Panel Bus Stop Type 8,Bus
-37.80299443103376,144.94943962445095,Sign - Public Transport 1 Panel Bus Stop Type 8,Bus
-37.79564535738303,144.95795134835055,Sign - Public Transport 1 Panel Bus Stop Type 8,Bus
-37.82578298451381,144.96669743933597,Sign - Public Transport 1 Panel Bus Stop Type 8,Bus
-37.81496421167442,144.9523146850266,Sign - Public Transport 1 Panel Bus Stop Type 8,Bus
-37.79763449349572,144.9709158095715,Sign - Public Transport 1 Panel Bus Stop Type 3,Bus
-37.79898487483806,144.96733940321965,Sign - Public Transport 1 Panel Bus Stop Type 5,Bus
-37.81529037403164,144.9606866865898,Sign - Public Transport 1 Panel Bus Stop Type 3,Bus
-37.81492845640428,144.95267349910375,Sign - Public Transport 1 Panel Bus Stop Type 11,Bus
-37.82125387877901,144.9163802885623,Sign - Public Transport 1 Panel Bus Stop Type 3,Bus
-37.818381951580605,144.95640938337968,Sign - Public Transport 1 Panel Bus Stop Type 8,Bus
-37.80975187754407,144.95544537030668,Sign - Public Transport 1 Panel Bus Stop Type 8,Bus
-37.78441375631167,144.9182254956256,Sign - Public Transport 1 Panel Bus Stop Type 8,Bus
-37.7874453383767,144.92185552555435,Sign - Public Transport 1 Panel Bus Stop Type 8,Bus
-37.81624692265885,144.9638133817537,Sign - Public Transport 1 Panel Bus Stop Type 8,Bus
-37.79676938692483,144.95134039251514,Sign - Public Transport 1 Panel Bus Stop Type 8,Bus
-37.83831808208453,144.9764223997089,Sign - Public Transport 1 Panel Bus Stop Type 13,Bus
-37.84338100233517,144.98539837705636,Sign - Public Transport 1 Panel Bus Stop Type 3,Bus
-37.78793737975755,144.95889110591563,Sign - Public Transport 1 Panel Bus Stop Type 8,Bus
-37.81925793836065,144.96137134270353,Sign - Public Transport 1 Panel Bus Stop Type 8,Bus
-37.81101801255496,144.95912232576214,Sign - Public Transport 1 Panel Bus Stop Type 8,Bus
-37.79968851043426,144.9639691590254,Sign - Public Transport 1 Panel Bus Stop Type 1,Bus
-37.83823498213684,144.98640745831867,Sign - Public Transport 1 Panel Bus Stop Type 8,Bus
-37.792870646661946,144.9582953024578,Sign - Public Transport 1 Panel Bus Stop Type 1,Bus
-37.80072200795991,144.95348448450386,Sign - Public Transport 1 Panel Bus Stop Type 1,Bus
-37.80000725498236,144.96097934573706,Sign - Public Transport 1 Panel Bus Stop Type 1,Bus
-37.83058895642065,144.9650184564616,Sign - Public Transport 1 Panel Bus Stop Type 8,Bus
-37.80781588514167,144.91663837870203,Sign - Public Transport 1 Panel Bus Stop Type 11,Bus
-37.82145285696462,144.9209121892264,Sign - Public Transport 1 Panel Bus Stop Type 3,Bus
-37.82623998153476,144.91149945587298,Sign - Public Transport 1 Panel Bus Stop Type 3,Bus
-37.81178098838014,144.9561942988128,Sign - Public Transport 1 Panel Bus Stop Type 8,Bus
-37.80272091766867,144.92513555545514,Sign - Public Transport 1 Panel Bus Stop Type 1,Bus
-37.83405494639031,144.98241640093377,Sign - Public Transport 1 Panel Bus Stop Type 8,Bus
-37.79729882559638,144.92232895104533,Sign - Public Transport 1 Panel Bus Stop Type 12,Bus
-37.82500188553457,144.95694945167727,Sign - Public Transport 1 Panel Bus Stop Type 8,Bus
-37.83016114540094,144.90032361713372,Sign - Public Transport 1 Panel Bus Stop Type 3,Bus
-37.792625873556105,144.9707824588029,Sign - Public Transport 1 Panel Bus Stop Type 11,Bus
-37.79859348300079,144.94845845599968,Sign - Public Transport 1 Panel Bus Stop Type 12,Bus
-37.80056184947591,144.96449089849344,Sign - Public Transport 1 Panel Bus Stop Type 1,Bus
-37.80570689100192,144.9560804373352,Sign - Public Transport 1 Panel Bus Stop Type 8,Bus
-37.79509600016651,144.9365369758595,Sign - Public Transport 1 Panel Bus Stop Type 5,Bus
-37.82348189382533,144.9606983135566,Sign - Public Transport 1 Panel Bus Stop Type 8,Bus
-37.82376089286155,144.92141534380514,Sign - Public Transport 1 Panel Bus Stop Type 3,Bus
-37.81746488575314,144.95908336349078,Sign - Public Transport 1 Panel Bus Stop Type 8,Bus
-37.82168352630472,144.96129766991564,Sign - Public Transport 1 Panel Bus Stop Type 8,Bus
-37.82190993188825,144.93242660517498,Sign - Public Transport 1 Panel Bus Stop Type 3,Bus
-37.80981657375576,144.9499300369178,Sign - Public Transport 1 Panel Bus Stop Type 13,Bus
-37.8338230491092,144.9795143710974,Sign - Public Transport 1 Panel Bus Stop Type 8,Bus
-37.79540178497472,144.95784312709472,Sign - Public Transport 1 Panel Bus Stop Type 1,Bus
-37.78171322662849,144.95986499626397,Sign - Public Transport 1 Panel Bus Stop Type 8,Bus
-37.79897960292701,144.96712273999506,Sign - Public Transport 1 Panel Bus Stop Type 12,Bus
-37.79961584739574,144.91827834668223,Sign - Public Transport 1 Panel Bus Stop Type 12,Bus
-37.8000216853513,144.9595076126765,Sign - Public Transport 1 Panel Bus Stop Type 1,Bus
-37.82475002978367,144.97082237553545,Sign - Public Transport 1 Panel Bus Stop Type 8,Bus
-37.81172390817975,144.95668033737152,Sign - Public Transport 1 Panel Bus Stop Type 8,Bus
-37.79047682105318,144.9434649962317,Sign - Public Transport 1 Panel Bus Stop Type 8,Bus
-37.794769078965565,144.92642079506638,Sign - Public Transport 1 Panel Bus Stop Type 1,Bus
-37.82819802931645,144.96603931801874,Sign - Public Transport 1 Panel Bus Stop Type 8,Bus
-37.80334344019612,144.9693670992385,Sign - Public Transport 1 Panel Bus Stop Type 3,Bus
-37.8274311121174,144.9027175957814,Sign - Public Transport 1 Panel Bus Stop Type 3,Bus
-37.81828097717471,144.96037240676188,Sign - Public Transport 1 Panel Bus Stop Type 8,Bus
-37.8237568776443,144.92164221918702,Sign - Public Transport 1 Panel Bus Stop Type 3,Bus
-37.83050250727819,144.97139274185386,Sign - Public Transport 1 Panel Bus Stop Type 8,Bus
-37.79525280570435,144.9752954554172,Sign - Public Transport 1 Panel Bus Stop Type 8,Bus
-37.79412517227246,144.96802316787404,Sign - Public Transport 1 Panel Bus Stop Type 8,Bus
-37.79854435502073,144.95795135251927,Sign - Public Transport 1 Panel Bus Stop Type 1,Bus
-37.81759594129376,144.96174844051686,Sign - Public Transport 1 Panel Bus Stop Type 13,Bus
-37.81899391883097,144.9617683754036,Sign - Public Transport 1 Panel Bus Stop Type 12,Bus
-37.81383789887729,144.95159824560972,Sign - Public Transport 1 Panel Bus Stop Type 11,Bus
-37.816192908308494,144.96110340261552,Sign - Public Transport 1 Panel Bus Stop Type 3,Bus
-37.83864195415242,144.9863653689292,Sign - Public Transport 1 Panel Bus Stop Type 3,Bus
-37.80707788076467,144.91339940699515,Sign - Public Transport 1 Panel Bus Stop Type 11,Bus
-37.83358497052535,144.9776833283757,Sign - Public Transport 1 Panel Bus Stop Type 8,Bus
-37.798108329885295,144.9578453614485,Sign - Public Transport 1 Panel Bus Stop Type 8,Bus
-37.79491046373402,144.93370075319825,Sign - Public Transport 1 Panel Bus Stop Type 12,Bus
-37.81570404359276,144.96116717702685,Sign - Public Transport 1 Panel Bus Stop Type 11,Bus
-37.807098946090186,144.95582136066648,Sign - Public Transport 1 Panel Bus Stop Type 8,Bus
-37.80593093591023,144.95622134831407,Sign - Public Transport 1 Panel Bus Stop Type 8,Bus
-37.83800607791817,144.98447444654406,Sign - Public Transport 1 Panel Bus Stop Type 8,Bus
-37.79497661521105,144.9707989948912,Sign - Public Transport 1 Panel Bus Stop Type 3,Bus
-37.81138987793888,144.95891148533326,Sign - Public Transport 1 Panel Bus Stop Type 13,Bus
-37.79371580698226,144.97101530838722,Sign - Public Transport 1 Panel Bus Stop Type 1,Bus
-37.82613989227416,144.96051538984986,Sign - Public Transport 1 Panel Bus Stop Type 8,Bus
-37.81105987177411,144.95869339408225,Sign - Public Transport 1 Panel Bus Stop Type 8,Bus
-37.797551357061536,144.95245038881728,Sign - Public Transport 1 Panel Bus Stop Type 8,Bus
-37.80566084284532,144.9434254553253,Sign - Public Transport 1 Panel Bus Stop Type 13,Bus
-37.80265362097663,144.9457021570429,Sign - Public Transport 1 Panel Bus Stop Type 8,Bus
-37.7929305017464,144.96772679755713,Sign - Public Transport 1 Panel Bus Stop Type 12,Bus
-37.80282843793904,144.9479395483275,Sign - Public Transport 1 Panel Bus Stop Type 8,Bus
-37.79800228540994,144.9743090963708,Sign - Public Transport 1 Panel Bus Stop Type 3,Bus
-37.80557177648884,144.95351041136576,Sign - Public Transport 1 Panel Bus Stop Type 8,Bus
-37.79943557392906,144.95572044672738,Sign - Public Transport 1 Panel Bus Stop Type 8,Bus
-37.80551491970227,144.9523962734518,Sign - Public Transport 1 Panel Bus Stop Type 8,Bus
-37.82348189382533,144.9606983135566,Sign - Public Transport 1 Panel Bus Stop Type 8,Bus
-37.79991202015577,144.95743395487568,Sign - Public Transport 1 Panel Bus Stop Type 8,Bus
-37.80077767616837,144.96646752265008,Sign - Public Transport 1 Panel Bus Stop Type 1,Bus
-37.80690391858625,144.91162832730802,Sign - Public Transport 1 Panel Bus Stop Type 11,Bus
-37.82093926515732,144.9271057669481,Sign - Public Transport 1 Panel Bus Stop Type 3,Bus
-37.80241749595982,144.94561852036114,Sign - Public Transport 1 Panel Bus Stop Type 8,Bus
-37.82453811405424,144.90656156970934,Sign - Public Transport 1 Panel Bus Stop Type 3,Bus
-37.810484001081136,144.9563024207091,Sign - Public Transport 1 Panel Bus Stop Type 11,Bus
-37.79509600016651,144.9365369758595,Sign - Public Transport 1 Panel Bus Stop Type 4,Bus
-37.81748417158973,144.9532635809572,Sign - Public Transport 1 Panel Bus Stop Type 1,Bus
-37.80496835121376,144.94935083669122,Sign - Public Transport 1 Panel Bus Stop Type 8,Bus
-37.81105987177411,144.95869339408225,Sign - Public Transport 1 Panel Bus Stop Type 8,Bus
-37.82627995778155,144.97118333863307,Sign - Public Transport 1 Panel Bus Stop Type 11,Bus
-37.79700526969341,144.96762216850632,Sign - Public Transport 1 Panel Bus Stop Type 8,Bus
-37.79270227455465,144.95831424644234,Sign - Public Transport 1 Panel Bus Stop Type 8,Bus
-37.78737016259562,144.96918092237397,Sign - Public Transport 1 Panel Bus Stop Type 8,Bus
-37.77687767673642,144.94947531108608,Sign - Public Transport 1 Panel Bus Stop Type 8,Bus
-37.83007631434816,144.96531772571083,Sign - Public Transport 1 Panel Bus Stop Type 8,Bus
-37.82097678869638,144.92581314868238,Sign - Public Transport 1 Panel Bus Stop Type 3,Bus
-37.79671748189266,144.94652849185758,Sign - Public Transport 1 Panel Bus Stop Type 8,Bus
-37.84536002766068,144.982312412603,Sign - Public Transport 1 Panel Bus Stop Type 8,Bus
-37.80136463912211,144.91440645303163,Sign - Public Transport 1 Panel Bus Stop Type 3,Bus
-37.79898487483806,144.96733940321965,Sign - Public Transport 1 Panel Bus Stop Type 3,Bus
-37.779366174108,144.9599419065271,Sign - Public Transport 1 Panel Bus Stop Type 8,Bus
-37.79582851441957,144.941312486521,Sign - Public Transport 1 Panel Bus Stop Type 12,Bus
-37.83302599574912,144.97445042981525,Sign - Public Transport 1 Panel Bus Stop Type 8,Bus
-37.794951472118605,144.9469434142297,Sign - Public Transport 1 Panel Bus Stop Type 8,Bus
-37.82467809093513,144.90658328970764,Sign - Public Transport 1 Panel Bus Stop Type 3,Bus
-37.80516590907756,144.9660313973566,Sign - Public Transport 1 Panel Bus Stop Type 3,Bus
-37.82089888130361,144.92152824708276,Sign - Public Transport 1 Panel Bus Stop Type 3,Bus
-37.818314889062094,144.956839508202,Sign - Public Transport 1 Panel Bus Stop Type 8,Bus
-37.8390754,144.9921843,Stop 127: South Yarra Station,Tram
-37.8390304,144.9920683,Stop 127: South Yarra Station,Tram
-37.8400456,144.9585824,Stop 128: Albert Park,Tram
-37.8404168,144.9587917,Stop 128: Albert Park,Tram
-37.8332123,144.9435488,Stop 127: North Port,Tram
-37.8335127,144.9431223,Stop 127: North Port,Tram
-37.8233457,144.9561895,Stop 124A: Casino/MCEC,Tram
-37.8233745,144.9560854,Stop 124A: Casino/MCEC,Tram
-37.7992479,144.9642336,Stop 1: Melbourne University,Tram
-37.7987765,144.9642063,Stop 1: Melbourne University,Tram
-37.813984,144.9630639,Stop 3: Bourke Street Mall,Tram
-37.7671755,144.9802957,Stop 23: Blyth Street,Tram
-37.8056752,144.9735371,Stop 11: Melbourne Museum,Tram
-37.8062646,144.9735161,Stop 11: Melbourne Museum,Tram
-37.7682201,144.9722766,Stop 124: Victoria Street,Tram
-37.7700673,144.9797619,Stop 22: Albert Street,Tram
-37.7704857,144.9797316,Stop 22: Albert Street,Tram
-37.7740101,144.9790964,Stop 21: Glenlyon Road,Tram
-37.773272,144.9792609,Stop 21: Glenlyon Road,Tram
-37.7766342,144.9786463,Stop 20: Miller Street,Tram
-37.7769244,144.9786371,Stop 20: Miller Street,Tram
-37.7983657,144.9748576,Stop 13: Johnston Street,Tram
-37.7975829,144.974903,Stop 13: Johnston Street,Tram
-37.7768297,144.9495014,Stop 28: Park Street,Tram
-37.7770154,144.9497059,Stop 28: Park Street,Tram
-37.7880784,144.9406548,Stop 22: Flemington Bridge Station,Tram
-37.7387241,144.8959382,Stop 51: Bradshaw Street,Tram
-37.7386352,144.895792,Stop 51: Bradshaw Street,Tram
-37.8261813,144.9605893,Stop 116: City Road,Tram
-37.8263988,144.9608542,Stop 116: City Road,Tram
-37.8216814,144.9612871,Stop 115: Casino and Southbank,Tram
-37.8240809,144.9672221,Stop 17: Sturt Street,Tram
-37.8256555,144.9566486,Stop 125: Clarendon Street Junction,Tram
-37.8389559,144.9633409,Stop 130: Albert Road,Tram
-37.8513046,144.959226,Stop 137: Harold Street,Tram
-37.8354361,144.9750754,Stop 22: Toorak Road,Tram
-37.7970718,144.9664716,Stop 112: Lygon Street,Tram
-37.7970809,144.967042,Stop 112: Lygon Street,Tram
-37.8155346,144.9662721,Stop 6: Town Hall,Tram
-37.8053945,144.9560523,Stop 10: Victoria Street,Tram
-37.8056727,144.956039,Stop 10: Victoria Street,Tram
-37.8182424,144.9647133,"Stop 4: Flinders Street Station, Elizabeth Street",Tram
-37.8184098,144.964255,"Stop 4: Flinders Street Station, Elizabeth Street",Tram
-37.8134217,144.9735526,Stop 8: Spring Street,Tram
-37.7998582,144.9552578,Stop 14: Royal Melbourne Hospital,Tram
-37.8000815,144.9555945,Stop 14: Royal Melbourne Hospital,Tram
-37.8207869,144.9420846,Stop D18: Victoria Harbour Docklands,Tram
-37.8208545,144.9420598,Stop D18: Victoria Harbour Docklands,Tram
-37.8452996,144.96163,Stop 129: Melbourne Sports and Aquatic Centre,Tram
-37.8454802,144.9617106,Stop 129: Melbourne Sports and Aquatic Centre,Tram
-37.8329028,144.955298,Stop 127: South Melbourne Market,Tram
-37.8333453,144.9555415,Stop 127: South Melbourne Market,Tram
-37.7809601,144.9506014,Stop 27: Royal Park Station,Tram
-37.7809029,144.9508855,Stop 27: Royal Park Station,Tram
-37.7795514,144.887737,Stop 53: Maribyrnong Secondary College,Tram
-37.7795578,144.8880269,Stop 53: Maribyrnong Secondary College,Tram
-37.7882781,144.9408608,Stop 22: Flemington Bridge Station,Tram
-37.782615,144.9491732,Stop 26: Melbourne Zoo,Tram
-37.7823947,144.9493083,Stop 26: Melbourne Zoo,Tram
-37.8014731,144.9742451,Stop 12: Moor Street,Tram
-37.8018825,144.9742621,Stop 12: Moor Street,Tram
-37.8435863,145.0298684,Stop 139: Glenferrie Road,Tram
-37.8436267,145.030221,Stop 139: Glenferrie Road,Tram
